teeoff.com,https://twitter.com/TeeOffTeeTimes
teeoff.com,https://twitter.com/TeeOff_Golf
merlinentertainments.biz,https://twitter.com/Merlin_HR
applechildcarevouchers.co.uk,https://twitter.com/AppleChildcare
connect24-7.com,https://twitter.com/Connect247com
tap4offers.co.uk,https://twitter.com/TAP4offers
plaympe.com,https://twitter.com/PlayMPE
fotomerchant.com,https://twitter.com/fotomerchant
esnw.nl,https://twitter.com/EsnwNW
h2owirelessnow.com,https://twitter.com/H2Owireless
macincloud.com,https://twitter.com/MacinCloud
epilepsy.com,https://twitter.com/EpilepsyFdn
vaporshark.com,https://twitter.com/vaporshark
infusionsoft.com,https://twitter.com/APIInfusionsoft
infusionsoft.com,https://twitter.com/Infusionsoft_uk
abelliogreateranglia.co.uk,https://twitter.com/greateranglia
ezlinksgolf.com,@ezlinks
epilepsyfoundation.org,@EFNENY
epilepsyfoundation.org,@arizonaepilepsy
jccsf.org,@jccsf
sprint.com,@Sprint
itprotv.com,@ITProTV
rewardtv.com,@RewardTV
audiko.net,@audiko
mattycollector.com,@MattyCollector
monkeyswag.co.uk,@MonkeySwag1
megger.com,@Megger_US
adminitrack.com,@IssueTracking
allsoft.ru,@Allsoft
expresspros.com,@ExpressPros2605
ikmultimedia.com,@ikmultimedia
ikmultimedia.com,@ikmultimedia_jp
subsfactory.it,@LuceLunare
subsfactory.it,@Subsfactory
subsfactory.it,@l5erel
subsfactory.it,@seanma85
subsfactory.it,@terryela
subsfactory.it,@valiussa
subsfactory.it,@vickie182
alaskanbeer.com,@AlaskanBrewing
alaskanbeer.com,@andyklinealaska
hsabank.com,@hsabank
trainsimple.com,@trainsimple
haypi.com,@HaypiOfficial
kenexa.com,@KenexaEMEA
kenexa.com,@KenexaPR
kenexa.com,@KenexaQuebec
coolpeople.cz,@COOLPeopleCZ
workoutbox.com,@LanceWBOX
workoutbox.com,@ShaunaWBOX
workoutbox.com,@tssdfasd
workoutbox.com,@workoutbox
appreciate.mobi,@appreciate_apps
otavamedia.fi,@Teippinen
monoprix.fr,@Monoprix
monoprix.fr,@SJallet
monkeyoffice.co.uk,@CraigBurlton
monkeyoffice.co.uk,@MonkeyOffice
dominospizza.es,@DominosPizza_ES
dominospizza.es,@dominospizzaes
shaadi.com,@Shaadidotcom
shaadi.com,@shaadiUSA
dji.com,@djiglobal
orange.fr,@orange_france
nexmo.com,@Nexmo
rocketeergames.com,@lsaeteurn
rocketeergames.com,@rocketeergames
codeproject.com,@codeproject
codeproject.com,@codeprojectnews
hostinger.com.ar,@HostingerComAr
hostinger.es,@HostingerES
hostinger.pl,@HostingerPL
hostinger.ru,@HostingerRU
hostinger.com.ua,@HostingerUA
hostinger.com.ua,@hostinger_ua
penfieldrec.org,@Penfield_Rec
penfield.org,@townofpenfield
originalswat.com,@OriginalSWAT
magnatune.com,@magnatune
magnatune.com,@pophop
actievandedag.nl,@ActievandeDag
actievandedag.be,@AVDD_Belgie
chl.it,@promochl
warrenjames.co.uk,@WarrenJamesLtd
freshone.tv,@FreshOneTV
tgarage.com.au,@TgarageAdvocacy
efilecabinet.com,@eFileCabinet
assetchemist.co.uk,@AssetChemist
assetchemist.co.uk,@lekea
bouldercolorado.gov,@bouldercolorado
newmediaexpress.com,@NewMediaExpress
writing.com,@WritingCom
manchester.ac.uk,@OfficialUoM
aegon.com,@Aegon
aegon.co.uk,@aegonuk
mobileciti.com.au,@mobileciti
aegon.hu,@aegonbiztosito
aegon.nl,@Aegon_NL
aegon.nl,@INaegon
i-blason.com,@iblason
slickwraps.com,@SlickWraps
avg.com,@avgfree
avg.com,@officialAVGnews
bumeran.com,@bumeran
bumeran.com.ve,@BumeranVE
verdom.net,@OGslowjamz
emp.ca,@emondmontgomery
3ecompany.com,@3ECompany
webnode.com,@Webnode
webnode.com,@vitvrba
musclemealsdirect.com.au,@MuscleMealsD
tinydeal.com,@TinydealEspanol
mbusa.com,@MBUSA
mbusa.com,@MBUSA_News
mbusa.com,@mbusaelisha
webnode.fr,@webnode_fr
mindleaders.com,@KadiCika
mindleaders.com,@NickJamesBond
mindleaders.com,@SusanBHooper
mindleaders.com,@mleaders_kthal
microworkers.com,@Microworkers
adata.com,@ADATATechnology
redballoon.com.au,@dextersworld
redballoon.com.au,@redballoonteam
connect6.com,@connect6degrees
connect6.com,@dnicolls
connect6.com,@ech246
connectyourcare.com,@ConnectYourCare
connectyourcare.com,@joeybos1
startupjobfair.org,@StartupJF
startupjobfair.org,@StartupJobFair
muchloved.com,@MuchLovedUK
muchloved.com,@memorialwebsite
gbbo.co.uk,@_GBBO_
ibuygou.com,@ibuygou
spi-parts.com,@SpiParts
dubarry.com,@Dubarry_com
dubarry.us,@jessicaannebuck
rennfest.com,@mdrenfest
paytm.com,@Paytm
paytm.com,@paytmrecharge
shirtsandapparel.com,@apparelandmore
in.gov,@IN_gov
jomsocial.com,@jomsocial
jomsocial.com,@jomsocialdev
pollutionprobe.org,@PollutionProbe
pollutionprobe.org,@WhereIsBobsHat
westsiderentals.com,@SMapartments
westsiderentals.com,@westsiderentals
westsiderentals.com,@wsrentals
zoolert.com,@zooLertOfficial
zapper.co.uk,@zappercouk
trustpilot.com,@trustpilot
myzone.org,@MYZONEmoves
eclinicalworks.com,@eclinicalworks
eclinicalworks.com,@ecwhbi
eclinicalworks.com,@ecwpr
ardbeg.com,@ardbeg_com
trustpilot.nl,@TrustpilotNL
babzmedia.com,@babzmedia
uplea.com,@upleahosting
pinheadlocks.com,@PinheadLock
caster.fm,@casterfm
moniker.com,@moniker
mymacs.ca,@mymacs
gla.ac.uk,@GlasgowUniEvent
gla.ac.uk,@MyCampusGlasgow
appointment.com,@appointmentcom
praguepost.com,@praguepost
noordhoffuitgevers.nl,@noordhoff
worldeconomics.com,@WorldEconomics
mailticket.it,@MailTicketIT
topclassactions.com,@jscotthardy
topclassactions.com,@topclassactions
solusvm.com,@solusvm
magicjack.com,@magicjack
ncqa.org,@NCQA
teelaunch.com,@teelaunch
taborelec.com,@ron_glazer
deliverybyquiznos.com,@QuiznosSeahawk
deliverybyquiznos.com,@Quiznos_Sub
galahotels.com,@galahotels
australiangeographic.com.au,@ausgeo
snob.ru,@snob_journal
snob.ru,@snob_project
snob.ru,@wwwSNOBru
abboptical.com,@ABBOPTICALGROUP
sportsfuel.co.nz,@Sportsfuel
myjobmatcher.com,@MyJobMatcher
myjobmatcher.com,@sfamcg
americandisposal.com,@AmDisposal
americandisposal.com,@BryanCoury
classifiedpost.com,@classifiedpost
webbstjarnan.se,@Webbstjarnan
cartasi.it,@CartaSi
tonymacx86.com,@tonymacx86
store.thecoop.com,@harvardcoop
rfu.com,@Official_RFU
technogym.com,@Technogym
technogym.com,@technogym_farm
technogym.com,@technogymblx
fredperry.com,@FredPerry_MNL
fredperry.com,@fredperry
chicagovps.net,@cfabbbbb
chicagovps.net,@chicagovps
davincivirtual.com,@DavinciCEO
davincivirtual.com,@Davinci_Virtual
davincivirtual.com,@billgrodnik
davincivirtual.com,@kylee_davinci
earthfare.com,@EarthFareATH
earthfare.com,@EarthFareCHAR
earthfare.com,@EarthFareFLWN
earthfare.com,@EarthFareRAL
earthfare.com,@EarthFareTAL
earthfare.com,@EarthFareWest
earthfare.com,@earthfare
wageningenur.nl,@WURPlant
wageningenur.nl,@WageningenUR
tudelft.nl,@tudelft
tue.nl,@TUeindhoven
pwc.co.uk,@PwC_UK
militaryonesource.mil,@military1source
sex.com,@sexdotcom
discountmugs.com,@discountmugscom
tigerdile.com,@tigerdile
vospers.com,@VospersMotors
vospers.com,@Vospersdeals
puregym.com,@JoePuregym
puregym.com,@PureGym
puregym.com,@PureGymPR
puregym.com,@PureGymWestBrom
puregym.com,@puregymdebdale
puregym.com,@puregymjess
cosmeticsnow.com.au,@cosmeticsnow
cartes.com,@_cartes
host-tracker.com,@temofey
microchip.com,@MicrochipTech
hostinguk.net,@hostinguknet
totaldefense.com,@Total_Defense
giftcardsy.com,@giftcardsy
hellopeter.com,@hellopetercom
maxthon.com,@maxthon
maxthon.com,@maxthonnews
beat-it.nl,@Beatitnl
carcare.org,@CarCareCouncil
driverside.com,@driverside
sportsubs.com.au,@Sportsubs
friendcaller.com,@Friendcaller
absoluteit.co.nz,@Absolute_ITNZ
sentrytotem.com,@TheSentryTotem
sentrytotem.com,@ohgoditsranor
kickass.to,@kickasstorrents
hetmusiater.nl,@Musiater
insound.com,@Insound
mybuilder.com,@CyExy
mybuilder.com,@GavinLove
mybuilder.com,@my_builder
mybuilder.com,@mybuilder
daysofwonder.com,@days_of_wonder
strategicstaff.com,@NewsfromS3
strategicstaff.com,@cpasky
strategicstaff.com,@s3nola
verian.com,@VerianTech
mineocityhosting.com,@mineocityhost
apogee.us,@apogeeinc
paradoxplaza.com,@BoelDeParadox
paradoxplaza.com,@Daniela_Paradox
paradoxplaza.com,@PdxInteractive
paradoxplaza.com,@Sus_Paradox
eneco.nl,@eneco
pyleaudio.com,@pyleaudio
asterisk.com,@asterisk_com
freemycv.com,@FreeMyCV
rpod.ru,@rpod_fail
rpod.ru,@rpod_ru
studentclubber.co.uk,@StudentClubber
josephm.com,@josephmclothing
poff.ee,@BlacknightsFF
poff.ee,@POFFIHUNT
poff.ee,@POFF_TARTU
poff.ee,@stenksaluveer
foxwoods.com,@FoxwoodsCT
gustavus.edu,@gustavus
convergence-con.org,@CONvergenceCon
convergence-con.org,@CONvergenceLive
z2systems.com,@jeff_gordy
z2systems.com,@z2systems
jeffersonlines.com,@Kpursey
jeffersonlines.com,@jlbus
fastwebhost.com,@fastwebhoster
spokn.com,@spokn
allsaints.com,@ALLSAINTSC
allsaints.com,@AllSaints_
issa.com,@ISSAworldwide
bunac.org.uk,@BUNAC_UK
cinema-city.pl,@CinemaCityPL
garrisonhost.com,@GarrisonHost
cyberscore.me.uk,@Cyberscore
caskers.com,@Caskers
dazzlingrock.com,@DazzlingRockcom
vsdeal.com,@vsdeal
ploversteno.org,@plover
everyoneactive.com,@everyoneactive
bombas.com,@bombas
fatface.com,@FatFace
fatface.com,@FatFacePR
fatface.com,@fatfacedotcom
hitsniffer.com,@hitsniffer
spanishpod101.com,@spanishpod101
inaflashlaser.com,@sajego
ipadlaserengraving.com,@inaflashlaser
relatie.nl,@relatie
thepanelstation.com,@PanelStation
pluto.tv,@PlutoTV
allflicks.net,@AllFlicks
southeastwater.com.au,@southeastwater
recyclingforschools.co.uk,@Cash4SchoolsUK
voddler.com,@Voddler_movies
voddler.com,@voddler_es
trentinosviluppo.it,@tnsviluppo
rivosoftware.com,@InekeLeclercq
rivosoftware.com,@RivoGlobal
rivosoftware.com,@chrisbull28
rivosoftware.com,@johanPM
southwesttrains.co.uk,@SW_Trains
imsglobal.org,@imsglobal
customize.org,@customize
dailyom.com,@dailyom
bigcommerce.com,@Bigcommerce
bigcommerce.com,@bcupdate
lensdirect.com,@LensDirect
lhlabs.com,@GeekbyLHLabs
granitereef.com,@GraniteReef
logitech.com,@LogitechUK
digitalriver.com,@digitalriverinc
toxicfox.co.uk,@ToxicFox
pizzaexpress.com,@pizzaexpress
pizzaexpress.com.hk,@pizzaexpresshk
pizzaexpress.in,@PizzaExpressIN
sonos.com,@Sonos
amigosecreto.com.br,@amigo_secreto
amigosecreto.com.br,@asecreto
embark.com,@embark
sumosalad.com,@sumosalad
cervera.se,@cerveraab
cruisecompete.com,@CruiseCompete
cruisecompete.com,@rlevinstein
vacationcompete.com,@VacationCompete
amazingworld.com,@amazingworld
acas.org.uk,@acasorguk
acas.org.uk,@acaswestmids
bundlestars.com,@bundlestars
lacma.org,@LACMA
lacma.org,@LACMALights
lacma.org,@enLACMA
manpower.co.uk,@ManpowerUKtoday
beerhawk.co.uk,@BeerHawkMaggie
beerhawk.co.uk,@TheBeerHawk
beerhawk.co.uk,@willwright1
cim.co.uk,@CIMinfo
bulksupplements.com,@BulkSupps
allrecipes.com,@Allrecipes
allrecipes.com,@AllrecipesNews
allrecipes.com.ar,@AllrecipesARG
allrecipes.com.au,@AllrecipesAUNZ
allrecipes.fr,@AllrecipesFr
allrecipes.com.mx,@AllrecipesMX
allrecipes.nl,@AllrecipesNL
allrecipes.pl,@AllrecipesPL
allrecipes.ru,@vserecepty
quadratec.com,@quadratec
sydneyswans.com.au,@swans
sydneyswans.com.au,@sydneyswans
marriagegiftlist.com,@weddinggiftlist
undergroundclothing.ca,@underground__
movistar.com.ar,@MovistarArg
carrentals.com,@carrentalcom
solarwinds.com,@SWI_Tools
solarwinds.com,@SolarWinds_APAC
solarwinds.com,@solarwinds
solarwinds.com,@solarwinds_emea
whatuni.com,@whatuni
minoan.gr,@Minoan_Lines
ramexperts.com,@ramexperts
stickeryou.com,@StickerYou
seattlecolleges.edu,@SeattleColleges
apiasf.org,@APIASF
ramrecords.com,@RAMrecordsltd
metalheadz.co.uk,@metalheadzltd
metalheadz.co.uk,@metalheadzmusic
databeats.com,@Databeats
fujitsu.com,@Fujitsu_Global
ceridian.com,@ceridian
f5.com,@f5networks
lysman.com,@mvra69
amishintribeca.com,@AmishMarketTrib
megarbl.net,@megarbl
theenglishshavingcompany.com,@English_Shaving
protectmyid.com,@ProtectMyID
experianplc.com,@Experian
experianplc.com,@tdogg137
lesnumeriques.com,@alzieu
lesnumeriques.com,@lesnums
lesnumeriques.com,@lesnums_rss
kitesurferen.dk,@Lars47
lumesse.com,@Lumesse_UK
lumesse.com,@Lumesse_US
lumesse.com,@lumesse
lumesse.com,@lumesse_learn
ramboll.no,@NKAmdahl
ramboll.no,@RamPlan
nitrous-networks.com,@JordanNitrousy
nitrous-networks.com,@NitrousNetworks
nitrous-networks.com,@jordannitrous
unifclothing.com,@unifclothing
kickass.so,@kickasstorrents
frenchnerd-fanclub.com,@ForumFanFnerd
popcultcha.com.au,@popcultcha
varierfurniture.com,@VarierFurniture
flaviar.com,@flaviar_com
scichart.com,@abtsoftware
scichart.com,@scichart
elerter.net,@elerter
aipla.org,@aipla
buyaparcel.com,@AnneMarieRivett
buyaparcel.com,@Buyaparcel
neighbourhoodinvestor.com,@plusdanegroup
helptobuynw.org.uk,@helptobuynw
helptobuynw.org.uk,@homeshub
ihi.org,@TheIHI
arriba.hu,@arribataqueria
corporatevisions.com,@JoeTerry58
corporatevisions.com,@corpv
1e.com,@1E_Global
1e.com,@Ed_at_1E
smartassessor.com,@smartassessor
3rdmilclassrooms.com,@3rdMil
ovh.com,@almiron
ovh.com,@olesovhcom
ovh.com,@ovh
ovh.com,@tonyovhcom
frost.com,@Frost_Sullivan
esea.net,@ESEAnet
marcaria.com,@marcaria
2xu.com,@2XU_Newmarket
2xu.com,@2XU_USA
2xu.com,@2XUcanada
2xushop.co.uk,@2XU_UK
2xu.com.au,@TheOfficial2XU
2xu.co.nz,@2XUNewZealand
whispernumber.com,@WhisperNumber
v2cigs.com,@v2cigs
sms-gagnant.ch,@smsgagnant
entropiapartners.com,@EntropiaPartner
drofa.ru,@Drofa_Ru
hblitherland.co.uk,@HBLitherland
pharmacy2u.co.uk,@Pharmacy2U
pharmacy2u.co.uk,@julianharrison
quicklens.com.au,@quicklensau
navient.com,@NavienT
navient.com,@pchristel
liv.asn.au,@LIVPresident
calmradio.com,@CalmRadio
moddiy.com,@moddiycom
clarochile.cl,@ClaroChile
clarochile.cl,@ClaroSeleccion
digitallook.com,@DigitalLookNews
cloudatcost.com,@cloudatcost
readysim.com,@ReadySIM
slowfood.it,@albertoarossa
slowfood.it,@slow_food_italy
leicestertigers.com,@LeicesterTigers
sotic.net,@WFCKeego
sotic.net,@jonsalinger1973
sotic.net,@sotic
guzel.net.tr,@cnimsi
guzel.net.tr,@guzelhosting
ejay.com,@eJayHQ
smartwool.com,@smartwool
airbagan.com,@AirBagan
psgonline.co.za,@PSGOnline
yousay.co.nz,@YousayNz
yousay.co.nz,@hotfrog
famestreet.com,@famestreetuk
zenon.net,@zenon_nsp
americanmusical.com,@americanmusical
welovefine.com,@welovefine
sensecreative.co.uk,@SenseLithoPrint
charlottesville.org,@CvilleCityHall
webhost.uk.net,@webhostuk
fcw.com,@fcwnow
cartrade.com,@Car_Trade
cuttingcoupons.net,@cre8tivemedia
rebategiant.com,@RebateGiant
edis.at,@edisat
shoebacca.com,@Shoebacca
teabox.com,@TeaBoxInt
norauto.it,@norautoitalia
getthedance.com,@getthedance
1105media.com,@MattMorollo
1105media.com,@artboss
1105media.com,@rajeevkapur
shoko.ru,@shoko_ru
shoko.ru,@wwwshokoru
topbloemen.be,@TopbloemenBE
topbloemen.nl,@Topbloemen
exnovoroma.it,@ExNovoRoma
madrid-open.com,@MutuaMadridOpen
ivg.it,@ivgit
itensityonline.com,@itensityonline
cipd.co.uk,@cipd
gulfislandsdriftwood.com,@GIDriftwood
gulfislandsdriftwood.com,@amberogilvie1
academyft.com,@AcademyofFT
academyft.com,@theacademyft
dominos.com.my,@DominoPizzaMy
dominos.com.my,@DominosMY
vanschaik.com,@vanschaik1
decathlon.be,@DecathlonBEL
decathlon.be,@DecathlonMetro
decathlon.de,@DecathlonDE
decathlon.es,@Golfdecathlones
decathlon.es,@decathlones
decathlon.fr,@DecathlonIT
decathlon.fr,@decathlonfrance
decathlon.fr,@decathlontlse
decathlon.co.uk,@DecathlonUK
decathlon.it,@DecaITA
decathlon.nl,@DecathlonNED
decathlon.nl,@erikvanheumen
decathlon.pt,@decathlonpt
decathlon.ru,@decathlon_RF
decathlon.com.tr,@DecathlonTurkey
servomagazine.com,@SERVOMagazine
texe.com,@TexecomLtd
govoutreach.com,@sbrozosky
manpower.nl,@ManpowerAssen
manpower.nl,@ManpowerBreda
manpower.nl,@ManpowerDelft
manpower.nl,@ManpowerGoes
manpower.nl,@ManpowerGrunn
manpower.nl,@ManpowerIJmond
manpower.nl,@ManpowerNieuws
manpower.nl,@manpoweremmen
manpower.nl,@manpowergr
manpower.nl,@vacatures_banen
silverstone.co.uk,@silverstone247
silverstone.co.uk,@silverstoneuk
but.fr,@But
but.fr,@magasins_but
brandchirp.com,@BrandChirp
gak.co.uk,@GAK_CO_UK
ukhost4u.com,@UKHost4u
astroshopurania.be,@astroshopurania
thenewsletterplugin.com,@newsletterwp
wearedaft.com,@DAFTdesign
truelancer.com,@dipesh008
truelancer.com,@truelancer_
printtec.nl,@robertjoosten
tvrage.com,@tvrage
firmiamo.it,@Firmiamo
firmiamo.it,@firmiamoit
arbitersports.com,@arbitersports
chili.tv,@ChiliTv_PL
hookup.com,@HookUpSite
rubbermagazijn.nl,@Rubbermagazijn
24studio.co.uk,@24Studio
miamibeachfl.gov,@MiamiBeachNews
bpost.be,@bpost_fr
bpost.be,@bpost_nl
loonoutdoors.com,@loonoutdoors
rakkup.com,@rakkupGuides
memorials.com,@memorialdotcom
digiweb.ie,@Digiweb_Ireland
sonicacademy.com,@sonicacademy
compasshrm.com,@CompassHRM
compasshrm.com,@ExecMvrNShakr
calicolaine.co.uk,@calicolaine
joysteaspoon.com,@earlsteeper
joysteaspoon.com,@joysteaspoon
joysteaspoon.com,@oolongofficer
petwatchman.com,@petwatchman
carphonewarehouse.com,@CPWTweets
carphonewarehouse.com,@CPW_Binley
carphonewarehouse.com,@Cpw_b721ph
carphonewarehouse.com,@carphone159
carphonewarehouse.com,@carphonewarehse
dixonscarphonegroup.com,@ArashForooz
dixonscarphonegroup.com,@DCSebJ
dixonscarphonegroup.com,@actionjaxon666
dixonscarphonegroup.com,@dixonscarphone
dixonscarphonegroup.com,@thestatmeister
lycatalk.co.uk,@LycatalkUK
joebrowns.co.uk,@joebrowns
ticketnew.com,@TicketNew
ticketnew.com,@TicketNewTelugu
airservicesaustralia.com,@AirservicesNews
pharmacydirect.co.nz,@pharmacydirect
infoq.com,@InfoQ_com
infoq.com,@infoq
heart.org,@American_Heart
angelcigs.com,@Angelcigs
propertyguru.com.sg,@HDB_Singapore
blackchippoker.eu,@BlackChipPoker
fahrschulcard.de,@fahrschulcard
salsalabs.com,@SalsaLabsDevs
salsalabs.com,@SalsaLabsOps
salsalabs.com,@salsalabs
meslacets.com,@Mes_Lacets
mansteri.com,@mnstri
signwaves.co.uk,@Signwaves_Ltd
northridge4x4.com,@Northridge4x4
simfy.co.za,@simfyafrica
dodo.com,@dodoaustralia
simfyafrica.com,@RichardCimardi
lunatickets.co.uk,@lunatickets
lightandmotion.com,@LMlightlife
apimages.com,@AP_Images
square-enix.com,@SQEXPresents
square-enix.com,@SquareEnix
arcadeprehacks.com,@arcadeprehacks
gha.com,@Aghagreenly
gha.com,@CEO_GHA
gha.com,@GlobalHotels
gha.com,@gha
ap.org,@RindelsAP
ap.org,@ap_joan_lowy
gcn.com,@GCNtech
helixstudios.com,@helixstudios
helixstudios.com,@helixstudioscom
valpak.com,@Valpakcoupons
ferrari.com,@ferrari
flightradar24.com,@FlightRadar24
peoplecert.org,@PEOPLECERT
peoplecert.org,@mmol52
peoplecert.org,@six_sigma_lean
pearsonvue.com,@PearsonVUE
pearson.com,@pearson
pearson.com,@pearsonplc
netwerkgelderland.nl,@NetwerkGLD
bmcargo.com,@BMCargoGazcue
bmcargo.com,@bmcargord
bmcargo.com,@businessmcargo
everydaycarry.com,@everydaycarry
yupptv.com,@karnatisuman
yupptv.com,@yupptv
muastore.co.uk,@MUAcosmetics
betonline.ag,@BetOnlineAG
betonline.ag,@DaveMasonBOL
vsquarebackup.com,@ffscastle
aquiss.net,@AquissBroadband
ontransfer.ca,@gcraney
naviance.com,@naviance
oidview.com,@oidview
talentlab.com,@Talentlab
lmtribune.com,@JoelCMills
lmtribune.com,@Trib_Sports
lmtribune.com,@bwgary
randstad.co.uk,@RandstadJobs
thalys.com,@thalys_de
thalys.com,@thalys_en
thalys.com,@thalys_fr
thalys.com,@thalys_nl
easybus.co.uk,@easyBus
vikinglayer.com,@PhilipPlahn
vikinglayer.com,@vikinglayer
augusoft.net,@AugusoftLumens
sweeney-kincaid.com,@sweeneykincaid
brinkster.com,@Brinkster
brinkster.com,@BrinksterHelp
brinkster.com,@BrinksterStatus
emmasdiary.co.uk,@emmasdiary
registraduria.gov.co,@delestadocivil
registraduria.gov.co,@registradumeque
registraduria.gov.co,@registraduria
collectorsquare.com,@ameliaroman
collectorsquare.com,@collectorsquare
torproject.org,@torproject
coyotesystems.be,@CoyoteBenelux
coyotesystems.nl,@coyoteclubnl
mycoyote.net,@coyoteitalia
mycoyote.es,@Coyote_ES
coyote.pl,@CoyoteWarszawa
meincoyote.de,@Coyote_DE
roommatesuk.com,@RoomMatesUK
pwmnet.com,@FT_PWM
pwmnet.com,@YuriBender
wedeliverlocal.co.uk,@WeDeliverLocal
sensual-photography.eu,@SensualPhotoEU
alt.com,@go2alt
owasp.org,@OWASP
owasp.org,@owasp_at
swingbyswing.com,@SwingbySwing
pfjones.co.uk,@PFJones
24option.com,@24OptionJoe
24option.com,@24option
isubookstore.com,@isubookstore
4by6.com,@4by6
treasuretrooper.com,@treasuretrooper
libidex.com,@LibidexLtd
taxnetusa.com,@taxnetusa
sabbaticalhomes.com,@SabbaticalHomes
hhgregg.com,@HHGreggMD
hhgregg.com,@hhgregg
hhgregg.com,@hhgreggocala
hhgregg.com,@pearsonhhgregg
ishook.com,@ishookinc
karmaloop.com,@Karmaloop
karmaloop.com,@KarmaloopHR
karmaloop.com,@Selkoe
karmaloop.com,@karmaloop_9
kuwi.de,@kuwi_netzwerk
valvesoftware.com,@ValveAndSteam
valvesoftware.com,@ValveCorp
valvesoftware.com,@ValveOficial
valvesoftware.com,@Valvewordl
metoffice.gov.uk,@metoffice
metoffice.gov.uk,@metofficenews
gpio.com.au,@AusPiTech
mredllc.com,@MREDLLC
mredllc.com,@mredchris
afbic.com,@ARFarmBureauIns
hoyts.com.ar,@HoytsArgentina
lenovo.com,@Lenovo
lenovo.com,@lenovoUS
criminallawyers.ca,@ClaOntario
rasage-classique.com,@RasageClassique
fia-net.com,@Elodie_Delliste
mantality.co.za,@MantalityZA
chesskid.com,@ChessKidGirl
chesskid.com,@ChessKidcom
speedyspeeds.com,@mofloflow
adelaideunited.com.au,@adelaideunited
adelaideunited.com.au,@aufc_youthteam
imgstg.com,@IMGSTG
imgstg.com,@gmg_imgstg
networxrecruitment.com,@networxAndy
networxrecruitment.com,@networx_recruit
lionbrand.com,@LionBrandYarn
magicjumprentals.com,@MagicJumpRental
viverepesaro.it,@robertabaldini
viverepesaro.it,@viverepesaro
spektrumrc.com,@spektrumrc
tankmuseum.org,@TankMuseum
montrealjazzfest.com,@FestivalJazzMtl
montrealjazzfest.com,@MtlJazzFestival
betabanen.nl,@betanieuws
businessesforsale.com,@YouAreYourBoss
businessesforsale.com,@YouArkYourBoss
airsoftcart.com,@airsoftcart
skyrock.com,@SkyrockOfficiel
skyrock.com,@skyrockofficial
web.com,@webdotcom
permondo.com,@permondo
summerlivingdirect.com,@slDirect
smilingmind.com.au,@smiling_mind
showroomprive.com,@ShowroompriveFR
showroomprive.es,@ShowroompriveES
showroomprive.es,@ShowroomprivePR
showroomprive.pt,@PTshowroomprive
showroomprive.nl,@ShowroompriveNL
showroomprive.co.uk,@showroompriveUK
showroomprive.it,@ShowroompriveIT
showroomprive.pl,@showroomprivepl
emerson.com,@Emerson_news
allcruisejobs.com,@AllCruiseJobs
miracosta.edu,@miracosta
3ds.com,@3DS_UK
mana.menu,@MOJEMANA
thebigchoice.com,@thebigchoice
interpretive.com,@interpretivesim
printallover.me,@printalloverme
boconcept.com,@BoConceptHtown
junction2interiors.co.uk,@J2Interiors
freshpair.com,@Freshpair
energiedirect.nl,@energiedirect
phi-centre.com,@PHIcentre
solvps.com,@solvps_hosting
pet-supermarket.co.uk,@PetSupermarket1
pet-supermarket.co.uk,@Pet_Supermarket
flyuk.aero,@flyukva
skillsusa.org,@SkillsUSA
editorialmanager.com,@EditMgr
editorialmanager.com,@ariesmarketing
b-riders.nl,@BRidersBrabant
parrot.com,@Parrot_ES
parrot.com,@parrot
kissthisguy.com,@kiss_this_guy
onvasortir.com,@JeremyRoutier
host4asp.net,@host4asp
futurerp.net,@FutureRP
ostersundshem.se,@ostersundshem
aspinsiders.com,@ASPInsiders
ymcali.org,@ymcali
irishrail.ie,@irishrail
cargiant.co.uk,@cargiant
theramppeople.co.uk,@TheRampPeople
city-academy.com,@CityAcademyUK
icetex.gov.co,@icetex
assimil.com,@EditionsAssimil
voicerss.org,@VoiceRSS
6dollarshirts.com,@6DollarShirts
6dollarshirts.com,@speedubbsy
bata.in,@BATA_India
bata.in,@BataIndia
bata.com,@batashoes
moto.it,@Moto_it
mehr-demokratie.de,@volksentscheid
kidspass.co.uk,@KidsPass
davematthewsband.com,@davematthewsbnd
paydayuk.co.uk,@PDUKAffiliates
bsac.com,@BSACDIVERS
samtec.com,@samtecinc
tigerimports.net,@TigerImports
correctmytext.com,@dvlopatin
notebookreview.com,@JerrySJacksonJr
notebookreview.com,@NotebookReview
thebeerguy.ca,@BeerGuyDelivery
deltacycle.com,@deltacycle
ciup.fr,@ciup_fr
nissan.co.uk,@NissanUK
pounced.org,@getpounced
nawl.org,@NAWLWomeninLaw
arbonne.com,@arbonne
arbonne.ca,@ArbonneJen
arbonne.ca,@Arbonne_Canada
arbonne.ca,@Christa_Arbonne
arbonne.ca,@kryssyarbonne
arbonneinternational.co.uk,@Arbonne_UK
arbonneinternational.co.uk,@UK_Arbonne
arbonneinternational.com.au,@AUS_Arbonne
drinkcocaine.com,@Perle1314
drinkcocaine.com,@drinkcocaine
corecommerce.com,@bdub_thetester
corecommerce.com,@corecommerce
simplygroup.net,@davidocapido
simplygroup.net,@simplyjobboards
simplyhrjobs.co.uk,@simplyhrjobs
litter-robot.com,@Litter_Robot
quins.co.uk,@QuinsRugbyUnion
acs.org.au,@ACSNSW
acs.org.au,@ACSTas
acs.org.au,@acsnewsfeed
aidswalkportland.org,@AIDSwalkPDX
ukclassifieds.co.uk,@ukclassifiedads
salsas.com.au,@Salsasfreshmex
jeanswest.com.au,@Jeanswest
jeanswest.com.au,@JeanswestPtyLtd
shammyshack.com,@shammyshack
entertainmentbook.com.au,@entbookau
world-challenge.co.uk,@World_Ch
transperth.wa.gov.au,@transperth
mysportsclubs.com,@NYSCroton
mysportsclubs.com,@WSC_BeStrong
mysportsclubs.com,@nysc_varick
mysportsclubs.com,@nysctd
mysportsclubs.com,@tsicareers
pluralsight.com,@PluralSight
pluralsight.com,@megbruss
deuscustoms.com,@DeusBali
deuscustoms.com,@DeusCustomsUSA
deuscustoms.com,@Deus_UK
deuscustoms.com,@deuscustoms
oiwifi.com.br,@Oi_WiFi
stamps.com,@stampscom
redhotpie.com.au,@redhotpie
gearbest.com,@Gearbest_Esp
gearbest.com,@TheGearbest
apdcl.gov.in,@apdclsocial
fanfooty.com.au,@FanFooty
ricoh-usa.com,@RicohTweets
leady.com,@LeadyCom
tagheuer.com,@TAGHeuer
tagheuer.com,@TAGHeuerME
tagheuer.com,@tagheuereyewear
metacafe.com,@metacafe
tajmahal.com,@httpxjane_
iki.fi,@ikifi
hifiheadphones.co.uk,@HifiHeadphones
exitmt.com,@maxmontana
syntrawest.be,@f_roelandt
syntrawest.be,@syntrawest
tan.fr,@infotrafic_tan
tan.fr,@reseau_tan
tan.fr,@tan_nantes
dell.com,@Dell
gokickball.com,@GO_Kickball
fsdownload.com,@msflightx
transfirst.com,@TFrecruiter
transfirst.com,@TransFirst
huk.de,@HUK
huk.de,@HUKCoburg
hotelnewsnow.com,@Hotel_News_Now
thesource.ca,@thesourceca
openhousemelbourne.org,@OpenHouseMelb
clashot.com,@Clashot
moneyweb.co.za,@MoneywebRadio
moneyweb.co.za,@moneyweb
sheffield.ac.uk,@sheffielduni
ligo.co.uk,@cordlessphones
aeropostale.com,@Aeropostale
ps4u.com,@PSfromAero
virtualnorwegian.net,@VNorwegian
airlinesim.aero,@airlinesim
wireandcabletogo.com,@wirecabletogo
visp.net,@edpals11
visp.net,@visp_net
trackmania.com,@TrackMania
ubisoft.com,@Ubisoft_Brasil
harveynorman.si,@harveynormanslo
kijkmijnhuis.nl,@kijkmijnhuis
mektronics.com.au,@MektronicsAust
auto-europe.co.uk,@ae_carhire
autoeurope.at,@AutoEurope_AT
autoeurope.be,@louervehicule
autoeurope.ch,@location_auto
autoeurope.co.nz,@AutoEuropeNZ
autoeurope.com,@Auto_Europe
autoeurope.dk,@AutoEurope_DK
autoeurope.es,@AutoEurope_ES
autoeurope.fi,@AutoEurope_FI
autoeurope.fr,@AutoEurope_FR
autoeurope.it,@AutoEurope_IT
autoeurope.nl,@autoeurope_nl
autoeurope.nl,@autohuur
autoeurope.no,@autoeurope_no
autoeurope.pl,@AutoEurope_PL
autoeurope.pl,@wynajem_aut
autoeurope.pt,@AutoEurope_PT
autoeurope.se,@AutoEurope_SE
beverley-racecourse.co.uk,@Beverley_Races
premiumchess.net,@premium_chess
fide.com,@Fide_chess
autoeurope.com.au,@AutoEuropeAU
ecigone.co.uk,@Ecigone
disneylandparis.com,@DisneyParis_EN
disneylandparis.com,@DisneylandNL
disneylandparis.com,@disneylandparis
protonic.com,@protonicdotcom
tms.org,@tmssociety
ottawafootysevens.com,@OttawaFooty7s
tinygreenpc.com,@TinyGreenPC
hungryjacks.com.au,@HungryJacksAu
tempur.com,@tempurjapan
dreams.co.uk,@Dreams_Beds
bosch.com,@BoschGlobal
datamanusa.com,@james_wilson87
datamanusa.com,@johnvincent1985
tempurpedic.ca,@TempurPedicCAN
tempurpedic.com,@TempurPedic
myaxs.ca,@MYAXSNews
bud.hu,@budairport
ratedpeople.com,@ratedpeople
united.com,@unitedairlines
saintsfc.co.uk,@SouthamptonFC
tempur.ph,@TempurInThePhil
ecrater.com,@ecrater
talentsoft.com,@TalentsoftGroup
safran-group.com,@SAFRAN
safran-usa.com,@safranusa
jambase.com,@jambase
gtxgaming.co.uk,@GTXGaming
temaiken.org.ar,@Temaiken
inter-pet.co.il,@InterPetIsrael
sogosurvey.com,@sogosurvey
tipscr.com,@Tips_CR
sportsauthority.com,@SportsAuthority
mygov.in,@ceomygovindia
mygov.in,@mygovindia
tequipment.net,@Electronics79
pgworks.com,@MyPGW
focusedevents.com,@FocusedEvents1
aircooled.net,@aircoolednet
aircooled.net,@vintagevw
sare.org,@SAREProgram
ufl.edu,@uf
c9.io,@c9support
c9.io,@cloud9ide
c9.io,@fjakobs
iok.be,@iok_iokafval
zoiper.com,@Zoiper
fortinet.com,@fortilatam
fortinet.com,@fortinet
teoti.com,@spent808
buyamerica.co.il,@buyamerica1
bupa.com,@Bupa
bupa.co.uk,@BupaUK
bupa.co.th,@Bupathailand
yellowpostie.com.au,@yellowpostie
fantasyflightgames.com,@FFGames
sellbackyourbook.com,@sellbooksonline
artres.com,@ArtResource
drushim.co.il,@drushim_sw
peachjar.com,@PeachjarSD
theshavingroom.co.uk,@JHomfray
theshavingroom.co.uk,@theshavingroom
empregos.com.br,@empregoscombr
spotonnetworks.com,@spotonwifi
rico.com.vc,@rico_comvc
tukui.org,@Elv_ElvUI
tukui.org,@TukuiTukz
globeandmail.com,@GlobeandMail
newsdemon.com,@newsdemon
bva.fr,@Groupe_BVA
bva.fr,@bressoud
njtransit.com,@NJTransit_CEO
njtransit.com,@njtrans
njtransit.com,@njtransit
linear.com,@LinearTech
mynpp.com,@mynpp01
usenetserver.com,@UsenetServer
mediainsiders.com,@MediaInsiders
picarto.tv,@PicartoTV
kingsplace.co.uk,@KingsPlace
cpfc.co.uk,@CEO4TAG
cpfc.co.uk,@CPFC
isagenix.com,@IsagenixANZ
isagenix.com,@isagenix
macmillanhighered.com,@MacmillanEdHED
helptobuysouth.co.uk,@HelptoBuySouth
beckwithelectric.com,@BeckwithCompany
stewart.com,@StewartTitleCo
spigen.co.uk,@SpigenEUandUK
8minutedating.com,@8mDCincy
8minutedating.com,@8mindating
8minutedating.com,@Redding8mDating
8minutedating.com,@amyamore
8minutedating.com,@ericvflores
wileyplus.com,@WileyPLUS
boots.com,@BootsUK
wpml.org,@wpml
hockeyshare.com,@Kevinm2hockey
hockeyshare.com,@hockeyshare
verticallifemag.com.au,@verticallifemag
procon.sp.gov.br,@fundacaoprocon
procon.sp.gov.br,@proconspoficial
champps.com,@ChamppsMG
champps.com,@champps
champps.com,@champps33309
champps.com,@champpsbv
champps.com,@champpsdayton
champps.com,@champpswestches
citroen.co.uk,@CitroenUK
eyo.com.au,@eyotech
ground-based.com,@GroundBased
tribesnext.com,@TribesNext
rentila.com,@rentila
lithiumhosting.com,@LithiumHosting
crowdsurge.com,@AskCrowdSurge
crowdsurge.com,@CrowdSurge
chatzy.com,@Chatzy_com
expeditelectronics.com,@Ex_electronics
srsmicrosystems.co.uk,@SRSMicrosystems
ipa.co.uk,@IPAScotland
ipa.co.uk,@IPA_Updates
lastampa.it,@la_stampa
simplyenergy.com.au,@simplyenergy
zooplus.co.uk,@zooplusuk
lifetouch.com,@Lifetouch
apexy.com,@APEXYVPS
techbuy.com.au,@techbuy_aus
tns-gallup.no,@TNSGallupNorway
italotreno.it,@ItaloTreno
boothleads.com,@boothleads
ers-online.co.uk,@ersonlinecouk
legambiente.it,@Legambiente
dhwebsites.com,@dhweb
zopnow.com,@zopnow
port-orange.org,@PortOrange_PD
port-orange.org,@cityportorange
iit.edu,@illinoistech
retrosuperfuture.com,@supersunglasses
learningtree.com,@learningtree
nicequest.com,@nicequest
nicequest.com,@nicequestbrasil
chesstelecom.com,@BuckleyLloyd
chesstelecom.com,@Chess_Telecom
gochengdoo.com,@chengdoo
emdeon.com,@Emdeon
barleyhaven.com,@barleyhaven
mobeetechnology.com,@mobeetechnology
predictiveanalyticsworld.com,@pawcon
westsussex.gov.uk,@WSHighways
westsussex.gov.uk,@wsccnews
usatf.org,@usatf
fundacionsepi.es,@FundacionSEPI
baylor.edu,@Baylor
paysavvy.com,@AdamJones85
paysavvy.com,@PaySavvy
fluctishosting.com,@fluctis
rocketweb.com,@mattmac
rocketweb.com,@rocketwebinc
cityspb.ru,@cityspb
emond.ca,@EmondPublishing
dragonfable.com,@Ragsrun_DF
dragonfable.com,@Rolith_AE
dragonfable.com,@TomixDF
hetras.com,@MartinReents
hetras.com,@brandtc69
hetras.com,@hetras
hetras.com,@keithgruen
citizenm.com,@citizenM
citizenm.com,@citizenmhotel
montana.edu,@admissionsmsu
montana.edu,@montanastate
egged.co.il,@Egged_Israel
steg-electronics.ch,@STEGelectronics
livelingua.com,@livelingua
motorolasolutions.com,@MotoRetail
motorolasolutions.com,@MotoSolutions
zebra.com,@ZebraTechnology
orzly.com,@Orzlytweets
fullerton.edu,@csuf
fullerton.edu,@csufullerton
titanbookstore.com,@titanshops
fluccs.com.au,@fluccs
duracelldirect.co.uk,@DuracellDirect
miinto.no,@AndyGrov
miinto.no,@MiintoNo
miinto.no,@Miinto_Norge
collaw.edu.au,@AnnMareeDavid
collaw.edu.au,@collawaust
learnkey.com,@LearnKey
learnkey.com,@elearningguy
learnkey.com,@sportsfntc
uniflex.se,@Uniflex_Hstd
uniflex.se,@Uniflex_Kd
clickatell.com,@Clickatell
son-video.com,@SonVideo
enap.gov.br,@EnapGovBr
macrumors.com,@MacRumors
macrumors.com,@macrumorslive
electrictobacconist.co.uk,@ElectricLenny
electrictobacconist.co.uk,@electricpascal
electrictobacconist.co.uk,@electrictobacco
quikshiptoner.com,@quikship
holyart.it,@Holyart_it
directtextbook.com,@textbook
revuedesdeuxmondes.fr,@Revuedes2Mondes
revuedesdeuxmondes.fr,@antoine_lagadec
april.fr,@GroupeAPRIL
designboom.com,@designboom
hellboundhackers.org,@hbhackers
hellboundhackers.org,@luigi8a4
opendrive.com,@OpenDrive
videoeta.com,@videoeta
alliantenergy.com,@AlliantEnergyIA
alliantenergy.com,@AlliantEnergyMN
alliantenergy.com,@AlliantEnergyWI
alliantenergy.com,@alliantenergy
aggielandoutfitters.com,@AggieOutfitters
renfe.com,@Renfe
renfe.com,@VideoRenfe
huawei.com,@Huawei
iciparisxl.nl,@ICIParisXLNL
iciparisxl.nl,@IPXL_Nederland
ncasstraining.co.uk,@NCASS_Training
5nine.com,@5Nine_Software
landandfarm.com,@LandAndFarm
cleanagents.com,@SergejSoft
matrikonopc.com,@MatrikonOPC
friendsarena.se,@Friends_Arena
liverpoolfc.com,@LFC
liverpoolfc.com,@LiverpoolFC
examcollection.com,@ExamCollection
hlj.com,@hobbylink
cubicbundle.com,@CubicBundle
favslist.com,@Favslist
insulation4less.co.uk,@Insulationless
brownells.com,@BrownellsInc
torrentleech.org,@torrentleech
completesavings.co.uk,@completesave
yuvajobs.com,@yuvajobs
intermaris.nl,@FrankIntermaris
intermaris.nl,@Intermaris
intermaris.nl,@IntermarisFrank
intermaris.nl,@Simdevries
intermaris.nl,@WilIntermaris
pbtech.co.nz,@pbtechdt
pbtech.co.nz,@pbtechnz
ethicsgame.com,@EthicsGame
sportino.pt,@SportinoMega
serverpact.com,@serverpact
tradedirect365.com.au,@TradeDirect365
circuitcat.com,@Circuitcat_cat
circuitcat.com,@Circuitcat_eng
circuitcat.com,@Circuitcat_es
jenkins-ci.org,@jenkinsci
ogame.es,@tsvet9mir
lastminute.com,@lastminute_com
bravofly.com,@bravofly
scholarshipscanada.com,@ScholarshipsCA
mijnbca.nl,@KHuiskamp
habitat.co.uk,@HabitatUK
plusrelocation.com,@plusrelocation
heartsafe.ca,@heartsafeems
ogame.org,@RobCowAlliance
ogame.org,@Werikson1
888sport.com,@888sport
nginx.org,@nginx_tips
nginx.org,@nginxorg
saloniq.com,@saloniqsoftware
trophiesandmedals.com,@TrophiesMedals
eurogsm.ro,@EuroGsm
valuemailers.com,@ValueMailers
pivotel.com.au,@Pivotel
voodooshield.com,@VoodooShield
billybragg.co.uk,@billybragg
smartraveller.gov.au,@smartraveller
act.org,@ACT
actstudent.org,@ACTStudent
mweb.co.za,@MWEBConnect
mweb.co.za,@MWEBHelp
cuore.ch,@CuoreofSwiss
waco-texas.com,@cityofwaco
pcnation.co.uk,@PCNation_UK
wbmason.com,@WBMasonCo
wbmason.com,@WhoButWBMason
wbmason.com,@wbmasonjobs
neupart.com,@neupart
ams.com,@amsAnalog
immobiliare.it,@immobiliare_it
hult.edu,@HultBoston
hult.edu,@Hult_biz
thuisvaccinatie.nl,@thuisvaccinatie
itembase.com,@itembase
itembase.com,@ramokarahasan
itembase.com,@stefbj
native-instruments.com,@Komplete
native-instruments.com,@Ni_News
archos.com,@ARCHOS
archos.com,@ArchosFrance
muizenshop.nl,@muizenshop
estibot.com,@LucLezon
estibot.com,@estibotcom
karvy.com,@KarvyGrowthHub
shapebootstrap.net,@shapebootstrap
dickssportinggoods.com,@DicksSportingCO
dickssportinggoods.com,@dickspapillion
dickssportinggoods.com,@ryaneckel
ilovetour.co.uk,@ILOVETOUR
austin.net.au,@computersaustin
asanaclimbing.com,@AsanaClimbing
hifiman.com,@hifimanofficial
rarenoiserecords.com,@RareNoise
tiesociety.com,@TieSociety
tiesociety.com,@kuczeruk
realexpayments.com,@realexpayments
lydbokforlaget.no,@Lydbokforlaget
bvdinfo.com,@BureauvanDijkNL
bvdinfo.com,@BvDUS
bvdinfo.com,@KKocalevski
bvdinfo.com,@bureauvandijk
gethuawei.com,@HuaweiDeviceUSA
escapade.co.uk,@Escapade_UK
williamhill.com.au,@WillHillAus
tds.gb.com,@BeadleBen
tds.gb.com,@tenancydeposits
chapeldown.com,@ChapelDownWines
chapeldown.com,@JoshDSpire
chapeldown.com,@curiousdrinks
chapeldown.com,@lucypatridge
umass.edu,@umassamherst
frontrunner.nl,@SNEAKERMINDS
frontrunner.nl,@front_runner
getwebdesignjobs.net,@GetWebDesigJobs
ouraring.com,@ouraring
wirelessthings.net,@wirelessthings
goldenfoxfootwear.com,@goldenfoxusa
simplyburgers.gr,@simplyburgers
kozzi.com,@KozziImages
kozzi.com,@KozziStock
weemove.com,@weemove
asterisk.org,@asteriskpbx
minecraft-hosting.pro,@MCHostingPro
jobillico.com,@@jobillico
jobillico.com,@jpdion72
navicat.com,@_Navicat
stopforumspam.com,@stopforumspam
hosting.eu,@hostingeu
castorama.fr,@castorama_fr
colette.fr,@coletteBeauty
colette.fr,@coletteparis
colette.fr,@coletteparisfr
colette.fr,@colettestore
colette.fr,@sarahcolette
kp2020.org,@vekpsocal
homeimprovementpages.com.au,@craighipages
hipages.com.au,@hipages
gotprint.net,@GotPrint
lifeintheuk.net,@lifeintheuk
urpowered.com,@URPowered
easily.co.uk,@easilydomains
watfordobserver.co.uk,@Observer_Owl
stratfordfestival.ca,@acimolino_sf
stratfordfestival.ca,@agaffney_sf
stratfordfestival.ca,@stratfest
gomezpeerzone.com,@Gomez_peer
gomezpeerzone.com,@gomezpeerzone
curealty.com,@curealty
gunsamerica.com,@GunsAmerica
shu.ac.uk,@sheffhallamuni
edenred.com,@edenred
mountaingear.com,@mountaingear
freeindex.co.uk,@FreeIndex
podbean.com,@PodbeanSupport
podbean.com,@Podbean_com
podbean.com,@podbeancom
usaco.org,@UsacoContests
cdgo.com,@cdvstore
alternativedatinguk.co.uk,@altdatinguk
gearxs.com,@GearXS
gearxs.com,@gearxscom
autohotkey.com,@autohotkey
autohotkey.com,@autohotkey_
hackforums.net,@HackForumsNet
hackforums.net,@HackForumsNews
hackforums.net,@Hack_ForumsNet
hackforums.net,@hackforums
wipers123.com,@Wipers123
kashflow.com,@Kashflow
arrl.org,@ARRL_Awards
arrl.org,@ARRL_News
arrl.org,@ARRL_PR
arrl.org,@arrl
wideanglesoftware.com,@MayaBenson
wideanglesoftware.com,@wideanglesoft
wodify.com,@Wodify
wodify.com,@oWdify
astutium.com,@astutium
refundsmanager.com,@RefundsManager
intelligentgolf.co.uk,@intelligentgolf
netsite.lu,@netsitelu
radaris.com,@radarisamerica
sphero.com,@Sphero
biznessapps.com,@biznessapps
image-line.com,@Image_Line
mytrendyphone.dk,@MyTrendyPhoneDK
acdsee.com,@ACDSee
steam-packet.com,@iomsteampacket
costa.co.uk,@CostaCoffee
europcar.co.uk,@Europcar_UK
europcar.com,@Europcar
europcar-martinique.com,@Julicious972
europcar-martinique.com,@europcarmq
europcar.am,@EuropcarArmenia
europcar.be,@Europcar_be
europcar.bg,@EuropcarBG
europcar.cl,@EuropcarChile
europcar.co.nz,@europcar_nz
europcar.co.za,@europcarsa
europcar.co.zw,@europcarzim
europcar.com.au,@Europcar_AU
europcar.com.tn,@EuropcarTUNISIE
europcar.com.tr,@EuropcarTR
europcar.de,@Europcar_DE
europcar.de,@europcarde
europcar.es,@Europcar_ES
europcar.es,@Europcar_ES_AC
europcar.fi,@EuropcarSuomi
europcar.fr,@EuropcarFrance
europcar.fr,@Europcar_France
europcar.ie,@Europcar_Ire
europcar.ie,@menton
europcar.ir,@EuropcarIRAN
europcar.it,@Europcar_IT
europcar.ma,@EUROPCARMAROC
europcar.nl,@europcar_nl
europcar.rs,@EuropcarSerbia
europcar.ru,@EuropcarRussia
europcar.ua,@Europcar_UA
europcardubai.com,@europcardubai
europcarlaos.com,@Europcarlaos
planetx.co.uk,@planetxbikes
theatercastellum.nl,@@thcastellum
ultracart.com,@UltraCart
custom-cable.co.uk,@talkcustomcable
liveatc.net,@liveatc
bookmatch.nl,@bookmatch
europcar.by,@EuropcarBelarus
edublogs.org,@edublogs
rtherapyclothing.co.uk,@rtherapy
graduatesfirst.com,@graduatesfirst
trymyui.com,@TryMyUI_and_OH
trymyui.com,@trymyui
forumotion.com,@Forumotion
guiademoteis.com.br,@betodischer
filtersfast.com,@FiltersFast
filtersfast.com,@rscard
coastalscents.com,@CoastalScents
myshowcase.me,@MyshowcaseMe
myknowledgemap.com,@myknowledgemap
allen-heath.com,@allen_heath
cm-lisboa.pt,@CamaraLisboa
lseg.com,@LSEGplc
worldvision.org.nz,@WorldVisionNZ
abine.com,@robshavell
versio.nl,@VersioISP
embarcadero.com,@EmbarcaderoTech
embarcadero.com,@embt_asia
iafstore.com,@iafstore
uptimerobot.com,@uptimerobot
wihatools.com,@WihaToolsUSA
bq.com,@bqreaders
bq.com,@guillembarnolas
thecomedystore.co.uk,@comedystoreind
thecomedystore.co.uk,@emiliejanejones
jama.com,@JAMALibraryNews
jama.com,@JAMA_current
muncha.com,@munchadotcom
railpage.com.au,@KKVCAM2
railpage.com.au,@freight_gate
railpage.com.au,@railpage
afmda.org,@AFMDA
afmda.org,@AqMko
afmda.org,@afdmatexas
rcn.com,@rcnconnects
djcity.com.au,@DJCITYstores
djcity.com.au,@djcitydandenong
evanscycles.com,@AskEvansCycles
evanscycles.com,@evanscycles
39dollarglasses.com,@39dollrglasses
wink.com,@TheWinkApp
mastercard.com,@cateland
hostica.com,@hostica
palmettocitizens.org,@Geodinero
palmettocitizens.org,@PCFCU_SC
thebeardedmancompany.com,@thebeardedmanco
planet-cards.co.uk,@PlanetCardsUk
hosthavoc.com,@ClayBerndt
hosthavoc.com,@HostHavoc
exodushosting.net,@ExodusHosting
malinandgoetz.com,@Andrew_Goetz
malinandgoetz.com,@malinandgoetz
atlantic-umbrella.com,@AtlanticUmb
csuohio.edu,@CLE_State
csuohio.edu,@engagecsu
yowinner.com,@yowinner
growtopiagame.com,@79590e897f6f461
growtopiagame.com,@growtopiagame
growtopiagame.com,@iWigglesGT
autorefill.com,@AutoRefillcom
sabonmichal.co.il,@sabonmichal
webkinz.com,@Kooper_Black
webkinz.com,@kelli_susemihl
webkinz.com,@kingcale22
webkinz.com,@trulee_rodney
webkinz.com,@webkinz
webkinz.com,@webkinzroadtrip
thermaltakeusa.com,@ThermalM1ke
thermaltakeusa.com,@Thermaltake
thermaltakeusa.com,@evorobert
liteneasy.com.au,@liteneasyau
amphenolrf.com,@AmphenolRF
specialingredients.co.uk,@SpecIngredients
hostwinds.com,@Hostwinds
uidaho.edu,@uidaho
maverickandwolf.com,@maverickwolfldn
brucefield.com,@BruceField
helloasso.com,@helloasso
orange.jobs,@orangejobs_fr
thepharmacy.com.au,@ThePharmacyAU
directheatingsupplies.co.uk,@dhskent
laspesasemplice.it,@laspesasemplice
multivista.com,@DevelopmentTN
multivista.com,@JasonStadnik
multivista.com,@Jcweaver2
motorradonline.de,@MOTORRADonline
betronstore.co.uk,@BetronLimited
dropsend.com,@dropsend
blink-now.com,@blink_now
dnnsoftware.com,@DNNCorp
dnnsoftware.com,@brucerchapman
dnnsoftware.com,@navinnagiah
partridgeshadleigh.co.uk,@MWPartridge
partridgeshadleigh.co.uk,@SalesPartridge
beautifulonraw.com,@TonyaZavasta
beautifulonraw.com,@rawfoodlady
eurodns.com,@EuroDNS
eurodns.com,@eurodns_status
nationalfurnituresupply.com,@natlfurnsupply
gartic.com.br,@FcGartic
freesound.org,@freesounddev
sweepsadvantage.com,@SweepsAdvantage
themanime.org,@THEMAnimeReview
themanime.org,@animebirder
themanime.org,@morningblue84
wsdot.wa.gov,@wsdot
wsdot.wa.gov,@wsdotjobs
agabag.com,@agabagdotcom
carrierenterprise.com,@CarrierHVAC
carrierenterprise.com,@jjaime07
carrierenterprise.com,@smorse1
heartinternet.uk,@heartinternet
zapplication.org,@zapplication
london4jobs.co.uk,@4jobsinlondon
london4jobs.co.uk,@London4Jobs
london4jobs.co.uk,@LondonArtJobs
clickteam.com,@Clickteam
clickteam.com,@Otter_Co
fraggednation.com,@FNxbox
fraggednation.com,@fraggednation
mobaxterm.mobatek.net,@MobaXterm
mobaxterm.mobatek.net,@mobatek
points2shop.com,@Points2Shop
jobs.lucasfilm.com,@JoinILM
jobs.lucasfilm.com,@JoinTheForce
infinitymotorcycles.com,@infinitymoto
